<ArmGcc>
  <armgcc.common.outputfiles.hex>True</armgcc.common.outputfiles.hex>
  <armgcc.common.outputfiles.lss>True</armgcc.common.outputfiles.lss>
  <armgcc.common.outputfiles.eep>True</armgcc.common.outputfiles.eep>
  <armgcc.common.outputfiles.bin>True</armgcc.common.outputfiles.bin>
  <armgcc.common.outputfiles.srec>True</armgcc.common.outputfiles.srec>
  <armgcc.compiler.symbols.DefSymbols>
    <ListValues>
      <Value>DEBUG</Value>
    </ListValues>
  </armgcc.compiler.symbols.DefSymbols>
  <armgcc.compiler.directories.IncludePaths>
    <ListValues>
      <Value>%24(PackRepoDir)\arm\CMSIS\5.4.0\CMSIS\Core\Include\</Value>
      <Value>../lwip/lwip-1.4.0/src/include</Value>
      <Value>..</Value>
      <Value>../lwip/lwip-1.4.0/port/include</Value>
      <Value>../lwip/lwip-1.4.0/src/include/ipv4/lwip</Value>
      <Value>../lwip/lwip-1.4.0/src/include/ipv4</Value>
      <Value>../lwip/lwip-1.4.0/port</Value>
      <Value>../Config</Value>
      <Value>../examples</Value>
      <Value>../hal/include</Value>
      <Value>../hal/utils/include</Value>
      <Value>../hpl/adc</Value>
      <Value>../hpl/cmcc</Value>
      <Value>../hpl/core</Value>
      <Value>../hpl/dmac</Value>
      <Value>../hpl/gclk</Value>
      <Value>../hpl/mclk</Value>
      <Value>../hpl/osc32kctrl</Value>
      <Value>../hpl/oscctrl</Value>
      <Value>../hpl/pm</Value>
      <Value>../hpl/port</Value>
      <Value>../hpl/ramecc</Value>
      <Value>../hpl/sercom</Value>
      <Value>../hpl/tc</Value>
      <Value>../hri</Value>
      <Value>../ethernet_phy</Value>
      <Value>../stdio_redirect</Value>
      <Value>%24(PackRepoDir)\atmel\SAME53_DFP\1.1.118\include</Value>
    </ListValues>
  </armgcc.compiler.directories.IncludePaths>
  <armgcc.compiler.optimization.level>Optimize debugging experience (-Og)</armgcc.compiler.optimization.level>
  <armgcc.compiler.optimization.PrepareFunctionsForGarbageCollection>True</armgcc.compiler.optimization.PrepareFunctionsForGarbageCollection>
  <armgcc.compiler.optimization.DebugLevel>Maximum (-g3)</armgcc.compiler.optimization.DebugLevel>
  <armgcc.compiler.warnings.AllWarnings>True</armgcc.compiler.warnings.AllWarnings>
  <armgcc.compiler.miscellaneous.OtherFlags>-std=gnu99 -mfloat-abi=softfp -mfpu=fpv4-sp-d16</armgcc.compiler.miscellaneous.OtherFlags>
  <armgcc.linker.general.UseNewlibNano>True</armgcc.linker.general.UseNewlibNano>
  <armgcc.linker.libraries.Libraries>
    <ListValues>
      <Value>libm</Value>
    </ListValues>
  </armgcc.linker.libraries.Libraries>
  <armgcc.linker.libraries.LibrarySearchPaths>
    <ListValues>
      <Value>%24(ProjectDir)\Device_Startup</Value>
    </ListValues>
  </armgcc.linker.libraries.LibrarySearchPaths>
  <armgcc.linker.optimization.GarbageCollectUnusedSections>True</armgcc.linker.optimization.GarbageCollectUnusedSections>
  <armgcc.linker.memorysettings.ExternalRAM />
  <armgcc.linker.miscellaneous.LinkerFlags>-Tsame53n20a_flash.ld</armgcc.linker.miscellaneous.LinkerFlags>
  <armgcc.assembler.general.IncludePaths>
    <ListValues>
      <Value>%24(PackRepoDir)\arm\CMSIS\5.4.0\CMSIS\Core\Include\</Value>
      <Value>../Config</Value>
      <Value>../</Value>
      <Value>../examples</Value>
      <Value>../hal/include</Value>
      <Value>../hal/utils/include</Value>
      <Value>../hpl/adc</Value>
      <Value>../hpl/cmcc</Value>
      <Value>../hpl/core</Value>
      <Value>../hpl/dmac</Value>
      <Value>../hpl/gclk</Value>
      <Value>../hpl/mclk</Value>
      <Value>../hpl/osc32kctrl</Value>
      <Value>../hpl/oscctrl</Value>
      <Value>../hpl/pm</Value>
      <Value>../hpl/port</Value>
      <Value>../hpl/ramecc</Value>
      <Value>../hpl/sercom</Value>
      <Value>../hpl/tc</Value>
      <Value>../hri</Value>
      <Value>../ethernet_phy</Value>
      <Value>../stdio_redirect</Value>
      <Value>%24(PackRepoDir)\atmel\SAME53_DFP\1.1.118\include</Value>
    </ListValues>
  </armgcc.assembler.general.IncludePaths>
  <armgcc.assembler.debugging.DebugLevel>Default (-g)</armgcc.assembler.debugging.DebugLevel>
  <armgcc.preprocessingassembler.general.IncludePaths>
    <ListValues>
      <Value>%24(PackRepoDir)\arm\CMSIS\5.4.0\CMSIS\Core\Include\</Value>
      <Value>../Config</Value>
      <Value>../</Value>
      <Value>../examples</Value>
      <Value>../hal/include</Value>
      <Value>../hal/utils/include</Value>
      <Value>../hpl/adc</Value>
      <Value>../hpl/cmcc</Value>
      <Value>../hpl/core</Value>
      <Value>../hpl/dmac</Value>
      <Value>../hpl/gclk</Value>
      <Value>../hpl/mclk</Value>
      <Value>../hpl/osc32kctrl</Value>
      <Value>../hpl/oscctrl</Value>
      <Value>../hpl/pm</Value>
      <Value>../hpl/port</Value>
      <Value>../hpl/ramecc</Value>
      <Value>../hpl/sercom</Value>
      <Value>../hpl/tc</Value>
      <Value>../hri</Value>
      <Value>../ethernet_phy</Value>
      <Value>../stdio_redirect</Value>
      <Value>%24(PackRepoDir)\atmel\SAME53_DFP\1.1.118\include</Value>
    </ListValues>
  </armgcc.preprocessingassembler.general.IncludePaths>
  <armgcc.preprocessingassembler.debugging.DebugLevel>Default (-Wa,-g)</armgcc.preprocessingassembler.debugging.DebugLevel>
</ArmGcc>